0,Z:/Alpha data/Neurobehavior/IC/extank110323/tank110323a/OurData-7
1,Z:/Alpha data/Neurobehavior/IC/extank110323/tank110323a/OurData-8
2,Z:/Alpha data/Neurobehavior/IC/extank110322/tank110322a/OurData-9
3,Z:/Alpha data/Neurobehavior/IC/extank110322/tank110322a/OurData-10
4,Z:/Alpha data/Neurobehavior/IC/extank110324/tank110324a/OurData-6
5,Z:/Alpha data/Neurobehavior/IC/extank110325/tank110325a/OurData-7
6,Z:/Alpha data/Neurobehavior/IC/extank110325/tank110325a/OurData-8
7,Z:/Alpha data/Neurobehavior/IC/extank110328/tank110328a/OurData-6
8,Z:/Alpha data/Neurobehavior/IC/extank110328/tank110328a/OurData-8
9,Z:/Alpha data/Neurobehavior/IC/extank110329/tank110329a/OurData-10
10,Z:/Alpha data/Neurobehavior/IC/extank110329/tank110329a/OurData-11
11,Z:/Alpha data/Neurobehavior/IC/extank110330/tank110330a/OurData-6
12,Z:/Alpha data/Neurobehavior/IC/extank110330/tank110330a/OurData-7
13,Z:/Alpha data/Neurobehavior/IC/extank110331/tank110331a/OurData-8
14,Z:/Alpha data/Neurobehavior/IC/extank110331/tank110331a/OurData-9
15,Z:/Alpha data/Neurobehavior/IC/extank110324/tank110324a/OurData-5
16,Z:/Alpha data/Neurobehavior/IC/extank110401/tank110401a/OurData-6
17,Z:/Alpha data/Neurobehavior/IC/extank110401/tank110401a/OurData-7
18,Z:/Alpha data/Neurobehavior/IC/extank110407/tank110407a/OurData-7
19,Z:/Alpha data/Neurobehavior/IC/extank110407/tank110407a/OurData-8
20,Z:/Alpha data/Neurobehavior/IC/extank110408/tank110408a/OurData-10
21,Z:/Alpha data/Neurobehavior/IC/extank110408/tank110408a/OurData-11
22,Z:/Alpha data/Neurobehavior/IC/extank110411/tank110411a/OurData-7
23,Z:/Alpha data/Neurobehavior/IC/extank110411/tank110411a/OurData-8
24,Z:/Alpha data/Neurobehavior/IC/extank110412/tank110412a/OurData-11
25,Z:/Alpha data/Neurobehavior/IC/extank110412/tank110412a/OurData-12
26,Z:/Alpha data/Neurobehavior/IC/extank110413/tank110413a/OurData-8
27,Z:/Alpha data/Neurobehavior/IC/extank110413/tank110413a/OurData-10
28,Z:/Alpha data/Neurobehavior/IC/extank110520/tank110520a/OurData-7
29,Z:/Alpha data/Neurobehavior/IC/extank110601/tank110601a/OurData-7
30,Z:/Alpha data/Neurobehavior/IC/extank110601/tank110601a/OurData-8
31,Z:/Alpha data/Neurobehavior/IC/extank110606/tank110606a/OurData-6
32,Z:/Alpha data/Neurobehavior/IC/extank110606/tank110606a/OurData-7
33,Z:/Bravo data/Neurobehavior/IC/extank100305/tank100305b/OurData-6
34,Z:/Bravo data/Neurobehavior/IC/extank100305/tank100305b/OurData-7
35,Z:/Bravo data/Neurobehavior/IC/extank100308/tank100308b/OurData-8
36,Z:/Bravo data/Neurobehavior/IC/extank100308/tank100308b/OurData-7
37,Z:/Bravo data/Neurobehavior/IC/extank100309/tank100309b/OurData-6
38,Z:/Bravo data/Neurobehavior/IC/extank100310/tank100310b/OurData-11
39,Z:/Bravo data/Neurobehavior/IC/extank100310/tank100310b/OurData-10
40,Z:/Bravo data/Neurobehavior/IC/extank100310/tank100310b/OurData-8
41,Z:/Bravo data/Neurobehavior/IC/extank100310/tank100310b/OurData-6
42,Z:/Bravo data/Neurobehavior/IC/extank100325/tank100325b/OurData-6
43,Z:/Bravo data/Neurobehavior/IC/extank100330/tank100330b/OurData-6
44,Z:/Bravo data/Neurobehavior/IC/extank100330/tank100330b/OurData-5
45,Z:/Bravo data/Neurobehavior/IC/extank100707/tank100707b/OurData-6
46,Z:/Bravo data/Neurobehavior/IC/extank100707/tank100707b/OurData-8
47,Z:/Bravo data/Neurobehavior/IC/extank100708/tank100708b/OurData-7
48,Z:/Bravo data/Neurobehavior/IC/extank100712/tank100712b/OurData-7
49,Z:/Bravo data/Neurobehavior/IC/extank100713/tank100713b/OurData-11
50,Z:/Bravo data/Neurobehavior/IC/extank100720/tank100720b/OurData-13
51,Z:/Bravo data/Neurobehavior/IC/extank100720/tank100720b/OurData-11
52,Z:/Bravo data/Neurobehavior/IC/extank100721/tank100721b/OurData-5
53,Z:/Bravo data/Neurobehavior/IC/extank100721/tank100721b/OurData-10
54,Z:/Bravo data/Neurobehavior/IC/extank100721/tank100721b/OurData-4
55,Z:/Bravo data/Neurobehavior/IC/extank100804/tank100804b/OurData-3
56,Z:/Bravo data/Neurobehavior/IC/extank100804/tank100804b/OurData-7
57,Z:/Bravo data/Neurobehavior/IC/extank100805/tank100805b/OurData-3
58,Z:/Bravo data/Neurobehavior/IC/extank100805/tank100805b/OurData-4
59,Z:/Bravo data/Neurobehavior/IC/extank100812/tank100812b/OurData-3
60,Z:/Bravo data/Neurobehavior/IC/extank100813/tank100813b/OurData-4
61,Z:/Bravo data/Neurobehavior/IC/extank100818/tank100818b/OurData-8
62,Z:/Bravo data/Neurobehavior/IC/extank100915/tank100915b/OurData-4
63,Z:/Bravo data/Neurobehavior/IC/extank100916/tank100916b/OurData-3
64,Z:/Bravo data/Neurobehavior/IC/extank101015/tank101015b/OurData-9
65,Z:/Bravo data/Neurobehavior/IC/extank101015/tank101015b/OurData-11
66,Z:/Bravo data/Neurobehavior/IC/extank101022/tank101022b/OurData-9
67,Z:/Bravo data/Neurobehavior/IC/extank101027/tank101027b/OurData-15
68,Z:/Bravo data/Neurobehavior/IC/extank101027/tank101027b/OurData-16
69,Z:/Bravo data/Neurobehavior/IC/extank101101/tank101101b/OurData-8
70,Z:/Bravo data/Neurobehavior/IC/extank101101/tank101101b/OurData-9
71,Z:/Alpha data/Neurobehavior/IC/extank100809/tank100809a/OurData-4
72,Z:/Alpha data/Neurobehavior/IC/extank100917/tank100917a/OurData-4
73,Z:/Alpha data/Neurobehavior/IC/extank101021/tank101021a/OurData-6
74,Z:/Alpha data/Neurobehavior/IC/extank101021/tank101021a/OurData-7
75,Z:/Alpha data/Neurobehavior/IC/extank101022/tank101022a/OurData-7
76,Z:/Alpha data/Neurobehavior/IC/extank101022/tank101022a/OurData-8
77,Z:/Alpha data/Neurobehavior/IC/extank101025/tank101025a/OurData-8
78,Z:/Alpha data/Neurobehavior/IC/extank101025/tank101025a/OurData-9
79,Z:/Alpha data/Neurobehavior/IC/extank101026/tank101026a/OurData-5
80,Z:/Alpha data/Neurobehavior/IC/extank101026/tank101026a/OurData-6
81,Z:/Alpha data/Neurobehavior/IC/extank101027/tank101027a/OurData-6
82,Z:/Alpha data/Neurobehavior/IC/extank101027/tank101027a/OurData-7
83,Z:/Alpha data/Neurobehavior/IC/extank101028/tank101028a/OurData-8
84,Z:/Alpha data/Neurobehavior/IC/extank101028/tank101028a/OurData-9
85,Z:/Alpha data/Neurobehavior/IC/extank101029/tank101029a/OurData-6
86,Z:/Alpha data/Neurobehavior/IC/extank101029/tank101029a/OurData-7
87,Z:/Alpha data/Neurobehavior/IC/extank101102/tank101102a/OurData-5
88,Z:/Alpha data/Neurobehavior/IC/extank101103/tank101103a/OurData-10
89,Z:/Alpha data/Neurobehavior/IC/extank101103/tank101103a/OurData-11
90,Z:/Alpha data/Neurobehavior/IC/extank101105/tank101105a/OurData-8
91,Z:/Alpha data/Neurobehavior/IC/extank101105/tank101105a/OurData-9
92,Z:/Alpha data/Neurobehavior/IC/extank101117/tank101117a/OurData-13
93,Z:/Alpha data/Neurobehavior/IC/extank101117/tank101117a/OurData-14
94,Z:/Alpha data/Neurobehavior/IC/extank110121/tank110121a/OurData-13
95,Z:/Alpha data/Neurobehavior/IC/extank110125/tank110125a/OurData-6
96,Z:/Alpha data/Neurobehavior/IC/extank110125/tank110125a/OurData-10
97,Z:/Alpha data/Neurobehavior/IC/extank110126/tank110126a/OurData-7
98,Z:/Alpha data/Neurobehavior/IC/extank110127/tank110127a/OurData-5
99,Z:/Alpha data/Neurobehavior/IC/extank110128/tank110128a/OurData-5
100,Z:/Alpha data/Neurobehavior/IC/extank110209/tank110209a/OurData-5
101,Z:/Alpha data/Neurobehavior/IC/extank110209/tank110209a/OurData-6
102,Z:/Bravo data/Neurobehavior/CN/extank111003/tank111003b/OurData-9
103,Z:/Bravo data/Neurobehavior/CN/extank111003/tank111003b/OurData-8
104,Z:/Bravo data/Neurobehavior/CN/extank111007/tank111007b/OurData-6
105,Z:/Bravo data/Neurobehavior/CN/extank111010/tank111010b/OurData-8
106,Z:/Bravo data/Neurobehavior/CN/extank111010/tank111010b/OurData-9
107,Z:/Bravo data/Neurobehavior/CN/extank111011/tank111011b/OurData-7
108,Z:/Bravo data/Neurobehavior/CN/extank110602/tank110602b/OurData-7
109,Z:/Bravo data/Neurobehavior/CN/extank110602/tank110602b/OurData-8
110,Z:/Bravo data/Neurobehavior/CN/extank110602/tank110602b/OurData-9
111,Z:/Bravo data/Neurobehavior/CN/extank110421/tank110421b/OurData-8
112,Z:/Bravo data/Neurobehavior/CN/extank110421/tank110421b/OurData-11
113,Z:/Bravo data/Neurobehavior/CN/extank110420/tank110420b/OurData-10
114,Z:/Bravo data/Neurobehavior/CN/extank110418/tank110418b/OurData-15
115,Z:/Bravo data/Neurobehavior/CN/extank110413/tank110413b/OurData-11
116,Z:/Bravo data/Neurobehavior/CN/extank110413/tank110413b/OurData-13
117,Z:/Bravo data/Neurobehavior/CN/extank110412/tank110412b/OurData-13
118,Z:/Bravo data/Neurobehavior/CN/extank110412/tank110412b/OurData-14
119,Z:/Bravo data/Neurobehavior/CN/extank110412/tank110412b/OurData-17
120,Z:/Bravo data/Neurobehavior/CN/extank110411/tank110411b/OurData-16
121,Z:/Bravo data/Neurobehavior/CN/extank110411/tank110411b/OurData-18
122,Z:/Bravo data/Neurobehavior/CN/extank110408/tank110408b/OurData-8
123,Z:/Bravo data/Neurobehavior/CN/extank110407/tank110407b/OurData-7
124,Z:/Bravo data/Neurobehavior/CN/extank110406/tank110406b/OurData-8
125,Z:/Bravo data/Neurobehavior/CN/extank110405/tank110405b/OurData-13
126,Z:/Bravo data/Neurobehavior/CN/extank110405/tank110405b/OurData-14
127,Z:/Bravo data/Neurobehavior/CN/extank110404/tank110404b/OurData-6
128,Z:/Bravo data/Neurobehavior/CN/extank110404/tank110404b/OurData-8
129,Z:/Bravo data/Neurobehavior/CN/extank110401/tank110401b/OurData-13
130,Z:/Bravo data/Neurobehavior/CN/extank110401/tank110401b/OurData-14
131,Z:/Bravo data/Neurobehavior/CN/extank110331/tank110331b/OurData-10
132,Z:/Bravo data/Neurobehavior/CN/extank110606/tank110606b/OurData-18
133,Z:/Bravo data/Neurobehavior/CN/extank110610/tank110610b/OurData-7
134,Z:/Bravo data/Neurobehavior/CN/extank110610/tank110610b/OurData-8
135,Z:/Bravo data/Neurobehavior/CN/extank110614/tank110614b/OurData-7
136,Z:/Bravo data/Neurobehavior/CN/extank110614/tank110614b/OurData-8
137,Z:/Bravo data/Neurobehavior/CN/extank110721/tank110721b/OurData-11
138,Z:/Bravo data/Neurobehavior/CN/extank110729/tank110729b/OurData-9
139,Z:/Bravo data/Neurobehavior/CN/extank110729/tank110729b/OurData-10
140,Z:/Bravo data/Neurobehavior/CN/extank110805/tank110805b/OurData-10
141,Z:/Bravo data/Neurobehavior/CN/extank110805/tank110805b/OurData-11
142,Z:/Bravo data/Neurobehavior/CN/extank110808/tank110808b/OurData-5
143,Z:/Bravo data/Neurobehavior/CN/extank110830/tank110830b/OurData-9
144,Z:/Bravo data/Neurobehavior/CN/extank110906/tank110906b/OurData-6
145,Z:/Bravo data/Neurobehavior/CN/extank111006/tank111006b/OurData-7
146,Z:/Bravo data/Neurobehavior/CN/extank111006/tank111006b/OurData-8
147,Z:/Bravo data/Neurobehavior/CN/extank111007/tank111007b/OurData-7
148,Z:/Bravo data/Neurobehavior/CN/extank111011/tank111011b/OurData-8
149,Z:/Bravo data/Neurobehavior/CN/extank111012/tank111012b/OurData-6
150,Z:/Bravo data/Neurobehavior/CN/extank111012/tank111012b/OurData-7
151,Z:/Bravo data/Neurobehavior/CN/extank111102/tank111102b/OurData-6
152,Z:/Bravo data/Neurobehavior/CN/extank111102/tank111102b/OurData-7
153,Z:/Alpha data/Neurobehavior/CN/extank110808/tank110808a/OurData-7
154,Z:/Alpha data/Neurobehavior/CN/extank110808/tank110808a/OurData-8
155,Z:/Alpha data/Neurobehavior/CN/extank110811/tank110811a/OurData-5
156,Z:/Alpha data/Neurobehavior/CN/extank110815/tank110815a/OurData-6
157,Z:/Alpha data/Neurobehavior/CN/extank110815/tank110815a/OurData-7
158,Z:/Alpha data/Neurobehavior/CN/extank110826/tank110826a/OurData-9
159,Z:/Alpha data/Neurobehavior/CN/extank110901/tank110901a/OurData-6
160,Z:/Alpha data/Neurobehavior/CN/extank110902/tank110902a/OurData-7
161,Z:/Alpha data/Neurobehavior/CN/extank110907/tank110907a/OurData-6
162,Z:/Alpha data/Neurobehavior/CN/extank110909/tank110909a/OurData-7
163,Z:/Alpha data/Neurobehavior/CN/extank110909/tank110909a/OurData-8
164,Z:/Alpha data/Neurobehavior/CN/extank110919/tank110919a/OurData-6
165,Z:/Alpha data/Neurobehavior/CN/extank110919/tank110919a/OurData-9
166,Z:/Alpha data/Neurobehavior/CN/extank110922/tank110922a/OurData-9
167,Z:/Alpha data/Neurobehavior/CN/extank110923/tank110923a/OurData-11
168,Z:/Alpha data/Neurobehavior/CN/extank111019/tank111019a/OurData-10
169,Z:/Alpha data/Neurobehavior/CN/extank111021/tank111021a/OurData-13
170,Z:/Bravo data/Neurobehavior/CN/extank110330/tank110330b/OurData-5
171,Z:/Bravo data/Neurobehavior/CN/extank110330/tank110330b/OurData-6
172,Z:/Bravo data/Neurobehavior/CN/extank110329/tank110329b/OurData-10
173,Z:/Bravo data/Neurobehavior/CN/extank110329/tank110329b/OurData-11
174,Z:/Bravo data/Neurobehavior/CN/extank110328/tank110328b/OurData-6
175,Z:/Bravo data/Neurobehavior/CN/extank110328/tank110328b/OurData-7
176,Z:/Bravo data/Neurobehavior/CN/extank110323/tank110323b/OurData-6
177,Z:/Bravo data/Neurobehavior/CN/extank110323/tank110323b/OurData-7
